{
    "Rastrigin": {
        "Optimised": [
            [
                0.9941337780964821,
                0.00012474994599820377
            ],
            0.9951
        ],
        "Actual": [
            [
                0,
                0
            ],
            0.0
        ]
    }
}