{
    "Rosenbrock": {
        "Optimised": [
            [
                1.12108,
                1.26444
            ],
            0.02046
        ],
        "Actual": [
            [
                1,
                1
            ],
            0
        ]
    },
    "Rastrigin": {
        "Optimised": [
            [
                -0.00062,
                0.99623
            ],
            0.99535
        ],
        "Actual": [
            [
                0,
                0
            ],
            0.0
        ]
    },
    "Ackley": {
        "Optimised": [
            [
                0.00256,
                0.00836
            ],
            0.02677
        ],
        "Actual": [
            [
                0,
                0
            ],
            0.0
        ]
    }
}