{
    "Rosenbrock": {
        "Optimised": [
            [
                -0.26865047783105567,
                0.09082788141134124
            ],
            1.64427
        ],
        "Actual": [
            [
                1,
                1
            ],
            0
        ]
    },
    "Rastrigin": {
        "Optimised": [
            [
                -0.9957779753606939,
                1.9872990799292678
            ],
            4.97627
        ],
        "Actual": [
            [
                0,
                0
            ],
            0.0
        ]
    },
    "Ackley": {
        "Optimised": [
            [
                -0.011550391965283069,
                -0.004878325777811554
            ],
            0.03965
        ],
        "Actual": [
            [
                0,
                0
            ],
            0.0
        ]
    }
}