{
    "Rosenbrock": {
        "Optimised": [
            [
                2.044223560449404,
                4.1885385399649895
            ],
            1.09979
        ],
        "Actual": [
            [
                1,
                1
            ],
            0
        ]
    },
    "Rastrigin": {
        "Optimised": [
            [
                1.0425301474493676,
                -0.004577193170476335
            ],
            1.44595
        ],
        "Actual": [
            [
                0,
                0
            ],
            0.0
        ]
    },
    "Ackley": {
        "Optimised": [
            [
                0.019507240775173074,
                -0.02719580779777253
            ],
            0.12427
        ],
        "Actual": [
            [
                0,
                0
            ],
            0.0
        ]
    }
}