{
    "Rosenbrock": {
        "Optimised": [
            [
                0.8071884440477302,
                0.6447196884127484
            ],
            0.04185
        ],
        "Actual": [
            [
                1,
                1
            ],
            0
        ]
    },
    "Rastrigin": {
        "Optimised": [
            [
                2.9869917340728076,
                0.00020446860908052145
            ],
            8.95551
        ],
        "Actual": [
            [
                0,
                0
            ],
            0.0
        ]
    },
    "Ackley": {
        "Optimised": [
            [
                0.002456214921321198,
                0.013826082102211146
            ],
            0.04496
        ],
        "Actual": [
            [
                0,
                0
            ],
            0.0
        ]
    }
}