{
    "Rosenbrock": {
        "Optimized": [
            [
                -163534096.0,
                163456800.0
            ],
            7.152094094831969e+34
        ],
        "Actual": [
            [
                1.0,
                1.0
            ],
            0.0
        ]
    },
    "Rastrigin": {
        "Optimized": [
            [
                21899075584.0,
                -21897684992.0
            ],
            9.590780972111474e+20
        ],
        "Actual": [
            [
                0.0,
                0.0
            ],
            0.0
        ]
    },
    "Ackley": {
        "Optimized": [
            [
                -12938442752.0,
                12935974912.0
            ],
            21.18571
        ],
        "Actual": [
            [
                0.0,
                0.0
            ],
            0.0
        ]
    }
}