{
    "Rosenbrock": {
        "SGD": [
            [
                null,
                null
            ],
            null
        ],
        "Adam": [
            [
                -0.6042526960372925,
                0.05129414424300194
            ],
            12.42238
        ],
        "Actual": [
            [
                1,
                1
            ],
            0
        ]
    },
    "Rastrigin": {
        "SGD": [
            [
                47.95392990112305,
                -1.7774635553359985
            ],
            2311.4377
        ],
        "Adam": [
            [
                1.987757921218872,
                -2.931767463684082
            ],
            13.48101
        ],
        "Actual": [
            [
                0,
                0
            ],
            0.0
        ]
    },
    "Ackley": {
        "SGD": [
            [
                1.7272236347198486,
                -5.003077983856201
            ],
            11.72185
        ],
        "Adam": [
            [
                1.992509126663208,
                -4.979475975036621
            ],
            10.64529
        ],
        "Actual": [
            [
                0,
                0
            ],
            0.0
        ]
    }
}