{
    "Rosenbrock": {
        "SGD": [
            [
                0.8085368275642395,
                0.49607574939727783
            ],
            2.5222
        ],
        "Adam": [
            [
                -1.452229380607605,
                1.7224689722061157
            ],
            20.95175
        ],
        "Actual": [
            [
                1,
                1
            ],
            0
        ]
    },
    "Rastrigin": {
        "SGD": [
            [
                -4.329322814941406,
                -2.9542605876922607
            ],
            42.66103
        ],
        "Adam": [
            [
                -2.825758457183838,
                -2.948915719985962
            ],
            22.60941
        ],
        "Actual": [
            [
                0,
                0
            ],
            0.0
        ]
    },
    "Ackley": {
        "SGD": [
            [
                0.6256561279296875,
                -4.144700527191162
            ],
            10.70653
        ],
        "Adam": [
            [
                0.971356213092804,
                -1.590855360031128
            ],
            6.27893
        ],
        "Actual": [
            [
                0,
                0
            ],
            0.0
        ]
    }
}