{
    "Rosenbrock": {
        "SGD": [
            [
                0.00499,
                -0.03937
            ],
            1.14524
        ],
        "Adam": [
            [
                0.79494,
                0.63079
            ],
            0.04218
        ],
        "Actual": [
            [
                1,
                1
            ],
            0
        ]
    },
    "Rastrigin": {
        "SGD": [
            [
                -0.00652,
                0.99861
            ],
            1.00603
        ],
        "Adam": [
            [
                0.0,
                0.9949
            ],
            0.99496
        ],
        "Actual": [
            [
                0,
                0
            ],
            0.0
        ]
    },
    "Ackley": {
        "SGD": [
            [
                -0.85688,
                -0.60845
            ],
            4.55475
        ],
        "Adam": [
            [
                -0.96847,
                -0.96848
            ],
            3.57445
        ],
        "Actual": [
            [
                0,
                0
            ],
            0.0
        ]
    }
}