{
    "Rosenbrock": {
        "SGD": [
            [
                NaN,
                NaN
            ],
            NaN
        ],
        "Adam": [
            [
                1.924560308456421,
                3.395721912384033
            ],
            10.35418
        ],
        "Actual": [
            [
                1,
                1
            ],
            0
        ]
    },
    "Rastrigin": {
        "SGD": [
            [
                18.786911010742188,
                12.46030044555664
            ],
            535.59912
        ],
        "Adam": [
            [
                -1.9275041818618774,
                -2.966078519821167
            ],
            13.75877
        ],
        "Actual": [
            [
                0,
                0
            ],
            0.0
        ]
    },
    "Ackley": {
        "SGD": [
            [
                -0.13391529023647308,
                1.7669528722763062
            ],
            5.68001
        ],
        "Adam": [
            [
                0.0033452967181801796,
                1.6762524843215942
            ],
            5.62099
        ],
        "Actual": [
            [
                0,
                0
            ],
            0.0
        ]
    }
}