{
    "Rosenbrock": {
        "Optimised": [
            [
                0.9999999999999998,
                0.9999999999999998
            ],
            0.0
        ],
        "Actual": [
            [
                1,
                1
            ],
            0
        ]
    },
    "Rastrigin": {
        "Optimised": [
            [
                -2.8514413052960208e-11,
                2.0769319597491176e-09
            ],
            0.0
        ],
        "Actual": [
            [
                0,
                0
            ],
            0.0
        ]
    },
    "Ackley": {
        "Optimised": [
            [
                0.0,
                -1.6653345369377348e-15
            ],
            -0.0
        ],
        "Actual": [
            [
                0,
                0
            ],
            0.0
        ]
    }
}