{
    "Rosenbrock": {
        "Optimised": [
            [
                0.9999999999999998,
                0.9999999999999998
            ],
            0.0
        ],
        "Actual": [
            [
                1,
                1
            ],
            0
        ]
    },
    "Rastrigin": {
        "Optimised": [
            [
                -1.9145107721385557e-09,
                -5.925421264763031e-10
            ],
            0.0
        ],
        "Actual": [
            [
                0,
                0
            ],
            0.0
        ]
    },
    "Ackley": {
        "Optimised": [
            [
                0.0,
                0.0
            ],
            -0.0
        ],
        "Actual": [
            [
                0,
                0
            ],
            0.0
        ]
    }
}